<?xml-stylesheet href='C:\LSP Program Files\Metavist\Metavist_Beta4\XML\NBII_classic.xsl' type='text/xsl'?>
<metadata>
  <idinfo>
    <citation>
      <citeinfo>
        <origin>Kerns, Becky K.</origin>
        <origin>Westlind, Douglas J.</origin>
        <origin>Day, Michelle A.</origin>
        <pubdate>2017</pubdate>
        <title>Season and interval of burning and cattle exclusion in the southern Blue Mountains, Oregon: Overstory tree height, diameter and growth</title>
        <geoform>tabular digital data</geoform>
        <pubinfo>
          <pubplace>Fort Collins, CO</pubplace>
          <publish>Forest Service Research Data Archive</publish>
        </pubinfo>
        <onlink>https://doi.org/10.2737/RDS-2017-0041</onlink>
      </citeinfo>
    </citation>
    <descript>
      <abstract>These data document overstory tree height, diameter and growth for a prescribed burning study with unburned controls on the Malheur National Forest in the southern Blue Mountains of Oregon. The original prescribed fires were conducted in the fall of 1997 and spring of 1998 and were repeated at two intervals, five and fifteen years. Five year interval reburns have been repeated three times (four burns total) and the fifteen year interval a single time (two burns total). These data document tree conditions prior to and following the last reburns with reference data for tree growth from 1998. Tree diameter data are available on 10 meter radius plots and diameter, height and growth data are available on 0.2 hectare plots.</abstract>
      <purpose>Overstory tree data were collected to examine the impact of: 1) season of burn (fall, spring and no burning) at two intervals (5 and 15 years), and 2) season of burn (fall, spring and control), 5-year interval reburning and cattle grazing.</purpose>
      <supplinf>Original metadata date was 08/28/2017. On 05/04/2021 minor metadata updates were made to keywords.</supplinf>
    </descript>
    <timeperd>
      <timeinfo>
        <rngdates>
          <begdate>20020602</begdate>
          <enddate>20150913</enddate>
        </rngdates>
      </timeinfo>
      <current>Ground condition</current>
    </timeperd>
    <status>
      <progress>Complete</progress>
      <update>As needed</update>
    </status>
    <spdom>
      <descgeog>Data were collected within six ponderosa pine stands on the Emigrant Creek Ranger District of the Malheur National Forest, Harney County, Oregon.</descgeog>
      <bounding>
        <westbc>-118.955352</westbc>
        <eastbc>-118.754798</eastbc>
        <northbc>43.899644</northbc>
        <southbc>43.790250</southbc>
        <boundalt>
          <altmin>1570</altmin>
          <altmax>1740</altmax>
          <altunits>meters</altunits>
        </boundalt>
      </bounding>
    </spdom>
    <keywords>
      <theme>
        <themekt>ISO 19115 Topic Category</themekt>
        <themekey>biota</themekey>
      </theme>
      <theme>
        <themekt>National Research &amp; Development Taxonomy</themekt>
        <themekey>Ecology, Ecosystems, &amp; Environment</themekey>
        <themekey>Ecology</themekey>
        <themekey>Plant ecology</themekey>
        <themekey>Fire</themekey>
        <themekey>Fire ecology</themekey>
        <themekey>Fire effects on environment</themekey>
        <themekey>Prescribed fire</themekey>
        <themekey>Forest &amp; Plant Health</themekey>
        <themekey>Botany</themekey>
        <themekey>Invasive species</themekey>
        <themekey>Natural Resource Management &amp; Use</themekey>
        <themekey>Forest management</themekey>
        <themekey>Range management &amp; grazing</themekey>
        <themekey>Timber</themekey>
        <themekey>Restoration</themekey>
        <themekey>Inventory, Monitoring, &amp; Analysis</themekey>
        <themekey>Monitoring</themekey>
      </theme>
      <theme>
        <themekt>None</themekt>
        <themekey>overstory</themekey>
        <themekey>season of burn</themekey>
        <themekey>interval of burn</themekey>
        <themekey>fire effects</themekey>
        <themekey>grazing exclusion</themekey>
        <themekey>tree growth</themekey>
        <themekey>JFSP</themekey>
        <themekey>Joint Fire Science Program</themekey>
      </theme>
      <place>
        <placekt>None</placekt>
        <placekey>Malheur National Forest</placekey>
        <placekey>Emmigrant Creek Ranger District</placekey>
        <placekey>Oregon</placekey>
        <placekey>Southern Blue Mountains</placekey>
        <placekey>Harney County</placekey>
      </place>
    </keywords>
    <taxonomy>
      <keywtax>
        <taxonkt>None</taxonkt>
        <taxonkey>multiple species</taxonkey>
        <taxonkey>vascular plants</taxonkey>
      </keywtax>
      <taxonsys>
        <classsys>
          <classcit>
            <citeinfo>
              <origin>ITIS</origin>
              <pubdate>2017</pubdate>
              <title>Integrated Taxonomic Information System</title>
              <geoform>database</geoform>
              <othercit>Retrieved [March, 20, 2017]</othercit>
              <onlink>https://www.itis.gov</onlink>
            </citeinfo>
          </classcit>
        </classsys>
        <taxonpro>We have included the species codes and corresponding Latin names within the data file.</taxonpro>
      </taxonsys>
      <taxoncl>
        <taxonrn>Kingdom</taxonrn>
        <taxonrv>Plantae</taxonrv>
        <common>plantes</common>
        <common>Planta</common>
        <common>Vegetal</common>
        <common>plants</common>
        <taxoncl>
          <taxonrn>Subkingdom</taxonrn>
          <taxonrv>Viridiplantae</taxonrv>
          <taxoncl>
            <taxonrn>Infrakingdom</taxonrn>
            <taxonrv>Streptophyta</taxonrv>
            <common>land plants</common>
            <taxoncl>
              <taxonrn>Superdivision</taxonrn>
              <taxonrv>Embryophyta</taxonrv>
              <taxoncl>
                <taxonrn>Division</taxonrn>
                <taxonrv>Tracheophyta</taxonrv>
                <common>vascular plants</common>
                <common>tracheophytes</common>
                <taxoncl>
                  <taxonrn>Subdivision</taxonrn>
                  <taxonrv>Spermatophytina</taxonrv>
                  <common>spermatophytes</common>
                  <common>seed plants</common>
                  <common>phanérogames</common>
                  <taxoncl>
                    <taxonrn>Class</taxonrn>
                    <taxonrv>Magnoliopsida</taxonrv>
                    <taxoncl>
                      <taxonrn>Superorder</taxonrn>
                      <taxonrv>Rosanae</taxonrv>
                      <taxoncl>
                        <taxonrn>Order</taxonrn>
                        <taxonrv>Rosales</taxonrv>
                        <taxoncl>
                          <taxonrn>Family</taxonrn>
                          <taxonrv>Rosaceae</taxonrv>
                          <common>roses</common>
                          <taxoncl>
                            <taxonrn>Genus</taxonrn>
                            <taxonrv>Cercocarpus</taxonrv>
                            <common>mountain-mahogany</common>
                            <taxoncl>
                              <taxonrn>Species</taxonrn>
                              <taxonrv>Cercocarpus ledifolius</taxonrv>
                              <common>curlleaf cercocarpus</common>
                              <common>curl-leaf mountain-mahogany</common>
                            </taxoncl>
                          </taxoncl>
                        </taxoncl>
                      </taxoncl>
                    </taxoncl>
                  </taxoncl>
                  <taxoncl>
                    <taxonrn>Class</taxonrn>
                    <taxonrv>Pinopsida</taxonrv>
                    <common>conifers</common>
                    <taxoncl>
                      <taxonrn>Subclass</taxonrn>
                      <taxonrv>Pinidae</taxonrv>
                      <taxoncl>
                        <taxonrn>Order</taxonrn>
                        <taxonrv>Pinales</taxonrv>
                        <common>pines</common>
                        <taxoncl>
                          <taxonrn>Family</taxonrn>
                          <taxonrv>Pinaceae</taxonrv>
                          <common>pines</common>
                          <taxoncl>
                            <taxonrn>Genus</taxonrn>
                            <taxonrv>Abies</taxonrv>
                            <common>fir</common>
                            <taxoncl>
                              <taxonrn>Species</taxonrn>
                              <taxonrv>Abies grandis</taxonrv>
                              <common>white fir</common>
                              <common>silver fir</common>
                              <common>giant fir</common>
                              <common>lowland white fir</common>
                              <common>yellow fir</common>
                              <common>grand fir</common>
                            </taxoncl>
                          </taxoncl>
                          <taxoncl>
                            <taxonrn>Genus</taxonrn>
                            <taxonrv>Pinus</taxonrv>
                            <common>pine</common>
                            <taxoncl>
                              <taxonrn>Species</taxonrn>
                              <taxonrv>Pinus ponderosa</taxonrv>
                              <common>ponderosa pine</common>
                              <common>bull pine</common>
                              <common>western yellow pine</common>
                              <common>blackjack pine</common>
                              <common>pinabete</common>
                              <common>rock pine</common>
                            </taxoncl>
                          </taxoncl>
                          <taxoncl>
                            <taxonrn>Genus</taxonrn>
                            <taxonrv>Pseudotsuga</taxonrv>
                            <common>Douglas-fir</common>
                            <taxoncl>
                              <taxonrn>Species</taxonrn>
                              <taxonrv>Pseudotsuga menziesii</taxonrv>
                              <common>red fir</common>
                              <common>Douglas spruce</common>
                              <common>Oregon pine</common>
                              <common>Douglas-fir</common>
                            </taxoncl>
                          </taxoncl>
                        </taxoncl>
                        <taxoncl>
                          <taxonrn>Family</taxonrn>
                          <taxonrv>Cupressaceae</taxonrv>
                          <common>cypress</common>
                          <common>redwood</common>
                          <taxoncl>
                            <taxonrn>Genus</taxonrn>
                            <taxonrv>Juniperus</taxonrv>
                            <common>juniper</common>
                            <common>cedar</common>
                            <common>cedro</common>
                            <common>redcedar</common>
                            <common>sabino</common>
                            <taxoncl>
                              <taxonrn>Species</taxonrn>
                              <taxonrv>Juniperus occidentalis</taxonrv>
                              <common>western juniper</common>
                            </taxoncl>
                          </taxoncl>
                        </taxoncl>
                      </taxoncl>
                    </taxoncl>
                  </taxoncl>
                </taxoncl>
              </taxoncl>
            </taxoncl>
          </taxoncl>
        </taxoncl>
      </taxoncl>
    </taxonomy>
    <accconst>None</accconst>
    <useconst>These data were collected using funding from the U.S. Government and can be used without additional permissions or fees. If you use these data in a publication, presentation, or other research product please use the following citation: 

Kerns, Becky K.; Westlind, Douglas J.; Day, Michelle A. 2017. Season and interval of burning and cattle exclusion in the southern Blue Mountains, Oregon: Overstory tree height, diameter and growth. Fort Collins, CO: Forest Service Research Data Archive. https://doi.org/10.2737/RDS-2017-0041</useconst>
    <ptcontac>
      <cntinfo>
        <cntperp>
          <cntper>Michelle Day</cntper>
          <cntorg>Oregon State University, College of Forestry, Forest Ecosystems &amp; Society</cntorg>
        </cntperp>
        <cntaddr>
          <addrtype>mailing and physical</addrtype>
          <address>Corvallis Forestry Sciences Laboratory</address>
          <address>3200 SW Jefferson Way</address>
          <city>Corvallis</city>
          <state>OR</state>
          <postal>97331</postal>
          <country>USA</country>
        </cntaddr>
        <cntvoice>541-758-7768</cntvoice>
        <cntemail>michelle.day@oregonstate.edu</cntemail>
      </cntinfo>
    </ptcontac>
    <browse>
      <browsen>\Supplements\SIB_Locality_StandMap.png</browsen>
      <browsed>PNG file displaying the season and interval of prescribed burn study location, stand orientation and treatment layout map.</browsed>
      <browset>PNG</browset>
    </browse>
    <datacred>Funding for the Season and Interval of Burn Project was provided by the Joint Fire Science Program (01B-3-3-16, 03-3-3-28, 06-2-1-10, 12-01-01-10); the National Fire Plan; and the USDA Forest Service, Pacific Northwest Research Station.</datacred>
    <crossref>
      <citeinfo>
        <origin>Kerns, Becky K.</origin>
        <origin>Thies, Walter G.</origin>
        <origin>Niwa, Christine G.</origin>
        <pubdate>2006</pubdate>
        <title>Season and severity of prescribed burn in ponderosa pine forests: Implications for understory native and exotic plants</title>
        <geoform>journal article</geoform>
        <serinfo>
          <sername>Ecoscience</sername>
          <issue>13: 44-55</issue>
        </serinfo>
        <onlink>https://doi.org/10.2980/1195-6860(2006)13[44:sasopb]2.0.co;2</onlink>
      </citeinfo>
    </crossref>
    <crossref>
      <citeinfo>
        <origin>Kerns, Becky K.</origin>
        <origin>Buonopane, Michelle</origin>
        <origin>Thies, Walter G.</origin>
        <origin>Niwa, Christine G.</origin>
        <pubdate>2011</pubdate>
        <title>Reintroducing fire into a ponderosa pine forest with and without cattle grazing: understory vegetation response</title>
        <geoform>journal article</geoform>
        <serinfo>
          <sername>Ecosphere</sername>
          <issue>2(5)</issue>
        </serinfo>
        <onlink>https://doi.org/10.1890/ES10-00183.1</onlink>
      </citeinfo>
    </crossref>
    <crossref>
      <citeinfo>
        <origin>Thies, Walter G.</origin>
        <origin>Westlind, Douglas J.</origin>
        <origin>Loewen, Mark</origin>
        <pubdate>2005</pubdate>
        <title>Season of prescribed burn in ponderosa pine forests in eastern Oregon: impact of pine mortality</title>
        <geoform>journal article</geoform>
        <serinfo>
          <sername>International Journal of Wildland Fire</sername>
          <issue>14: 223-231</issue>
        </serinfo>
        <onlink>https://www.fs.usda.gov/treesearch/pubs/25536</onlink>
      </citeinfo>
    </crossref>
    <crossref>
      <citeinfo>
        <origin>Thies, Walter G.</origin>
        <origin>Westlind, Douglas J.</origin>
        <origin>Loewen, Mark</origin>
        <origin>Brenner, Greg</origin>
        <pubdate>2006</pubdate>
        <title>Prediction of delayed mortality of fire-damaged ponderosa pine following prescribed fires in eastern Oregon, USA</title>
        <geoform>journal article</geoform>
        <serinfo>
          <sername>International Journal of Wildland Fire</sername>
          <issue>15: 19-29</issue>
        </serinfo>
        <onlink>https://doi.org/10.1071/wf05025</onlink>
      </citeinfo>
    </crossref>
    <crossref>
      <citeinfo>
        <origin>Westlind, Douglas J.</origin>
        <origin>Kerns, Becky K.</origin>
        <pubdate>2017</pubdate>
        <title>Season and interval of burning in the southern Blue Mountains, Oregon: Surface fuels</title>
        <geoform>tabular digital data</geoform>
        <pubinfo>
          <pubplace>Fort Collins, CO</pubplace>
          <publish>Forest Service Research Data Archive</publish>
        </pubinfo>
        <onlink>https://doi.org/10.2737/RDS-2017-0042</onlink>
      </citeinfo>
    </crossref>
    <crossref>
      <citeinfo>
        <origin>Kerns, Becky K.</origin>
        <origin>Day, Michelle A.</origin>
        <pubdate>2017</pubdate>
        <title>Season and interval of burning and cattle exclusion in the southern Blue Mountains, Oregon: Environmental attributes</title>
        <geoform>tabular digital data</geoform>
        <pubinfo>
          <pubplace>Fort Collins, CO</pubplace>
          <publish>Forest Service Research Data Archive</publish>
        </pubinfo>
        <onlink>https://doi.org/10.2737/RDS-2017-0043</onlink>
      </citeinfo>
    </crossref>
    <crossref>
      <citeinfo>
        <origin>Kerns, Becky K.</origin>
        <origin>Day, Michelle A.</origin>
        <pubdate>2017</pubdate>
        <title>Season and interval of burning and cattle exclusion in the southern Blue Mountains, Oregon: Understory vegetation attributes</title>
        <geoform>tabular digital data</geoform>
        <pubinfo>
          <pubplace>Fort Collins, CO</pubplace>
          <publish>Forest Service Research Data Archive</publish>
        </pubinfo>
        <onlink>https://doi.org/10.2737/RDS-2017-0044</onlink>
      </citeinfo>
    </crossref>
  </idinfo>
  <dataqual>
    <attracc>
      <attraccr>Tree heights were measured with a laser hypsometer and recorded to the nearest 0.1 meters (m). Actual accuracy of tree heights is estimated to within 0.5 m. Height to live crown was considered as the lowest whorl with a minimum of three branches measured at the tree bole. In the case of extremely one-sided crowns the crown height was averaged based upon a visually compacted crown. Therefore the accuracy is based somewhat on judgement of the technicians doing the measuring. Inaccuracy will increase with increasing crown height and lack of symmetry but estimated to be within 1 m on average.   

Diameter was measured with a diameter tape and recorded to the nearest 0.1 centimeter (cm). Actual accuracy is estimated to within 0.2 cm.</attraccr>
    </attracc>
    <logic>Tree heights and diameters were measured by experienced technicians supervised by one of the co-principle investigators. All data were compared with data recorded five years prior to check for anomalies. If an anomaly was found the height or diameter was re-measured. For tree heights, technicians were instructed to measure the tree from approximately the same distance from the bole as the tree height in order to minimize errors associated with acute angles. Trees were visually assessed for minor lean (&lt; 20 degrees) and height was taken perpendicular to the lean. For trees leaning more than 20 degrees heights were not measured. Diameters were measured at 1.37 m height. If a multiple stemmed tree branched below 1.37 m it was considered two separate trees. If there was swelling due to stem damage or branch whorl at 1.37 m the diameter was taken immediately above the defect. Tree tags on aluminum nails were placed just below the point where diameter was initially measured in 1998 and each re-measurement was taken in the same location above the nail.</logic>
    <complete>SIB_Trees_10m.csv: In rare cases (&lt; 0.5% of the cases) on the 10-m radius plots tree diameter at breast height (dbh) and status were not recorded in the field. These are marked by -999 in the dataset. Blank cells were used for dbh and status when no measurement was taken because the trees were dead.

SIB_Trees.csv: Blank cells are used to denote missing data.

Both data files: Values of 99 in the TSF variable are used denote unknown. These values are described in the variable descriptions below.</complete>
    <lineage>
      <method>
        <methtype>Field</methtype>
        <methdesc>The Season and Interval of Burn (SIB) study encompasses six upland ponderosa pine forested stands located at the southern end of the Blue Mountains, Emigrant Creek Ranger District, Malheur National Forest, Oregon. Stands range in size from 40 – 56 hectares (ha), with individual treatment units ranging from 4.5 – 24.5 ha. The stands were identified and delineated by US Forest Service district staff in 1995 and are part of a larger, relatively continuous ponderosa pine and mixed-conifer forested landscape. Four stands are located in the southeastern part of the district (Driveway Stands). The other two stands (Trout and Kidd Flat) are located 18 kilometers (km) to the west. Each stand received a thinning prescription in 1994 or 1995 (consistent within each stand), including areas later delineated in this study as controls. Parent materials consist of basalt, andesite, rhyolite, tuffaceous interflow, altered tuffs, and breccia. The soils received ash from pre-historical eruptions of ancient Mount Mazama and other volcanoes in the Cascade Mountains to the west. Soils are generally dominated by Mollisols, but Inceptisols and Alfisols are also present. The stands are dominated by mixed-aged ponderosa pine (in 1996 ages were mostly about 80-100 years old, with a few individual trees about 200 years old) but Juniperus occidentalis and Cercocarpus ledifolius also occur. The Driveway stands are characterized by the Pinus ponderosa/Agropyron spicatum (presently Pseudoroegneria spicata) plant association. The western stands are largely representative of the Pinus ponderosa/Carex geyeri plant association. In 2010-2014, the area was impacted by a large and somewhat unprecedented pine butterfly (Neophasia menapia) outbreak. Defoliation in the study area was significant, but our rapid qualitative assessment conducted fall 2011 indicated that defoliation was uniform across the sites and treatments and very little mortality has been documented. 

The understory vegetation data portion of the SIB study was established in 2002 and includes two study designs: (1) examining season and interval of burn using a split-plot incomplete block where season of burning (fall, spring, unburned) is the whole plot factor and interval (5- or 15-yr) is the split-plot factor; and (2) examining season of repeat burning (fall 5-year [yr], spring 5-yr and unburned) and grazing (grazed and ungrazed since 2002) using a split-plot incomplete block where season of 5-yr interval reburning is the whole plot factor and grazing is the split plot factor. Blocking was based on stand. Only five stands out of the six were included in the season and interval design to complement the understory vegetation component, although all six were used to asses tree mortality and growth; four stands were included in the season of burn and grazing design.

Prior to burning in 1997, each stand was divided into three units and randomly assigned season of burn (spring, fall and unburned) with boundaries established along roads and topographic features to control prescribed burns. In 1998, six 0.2-ha circular plots were established to evaluate responses to the first burns. Plots were located at least 100 m apart, and plot centers were permanently marked and mapped. In 2002, each burned experimental unit was bisected and one randomly selected subunit of each pair was assigned to either a 5- or 15-year burn interval. Note that given control units were not burned they represent an incomplete split plot (all other units were split into two intervals). However, for data analysis purposes, controls were assigned an interval even though they were not burned. This interval information was utilized in linear models to account for the nested structure of plots. All non-control units were burned in fall 1997/spring 1998. Prescribed burns were repeated on the 5-yr interval subunits in fall 2002/spring 2003, fall 2007/spring 2008, and fall 2012/spring 2013. Prescribed burns were repeated on the 15-year interval subunits in fall 2012/spring 2013. Note that in 2012, only two stands were burned due to adverse burn conditions initially, and then closure of the burn window. The other four stands were burned in the fall of 2013 and spring of 2014. Due to this change all plots were remeasured in 2015. Fires were ignited by hand-carried drip torches using a multiple-strip head-fire pattern. Crews attempted to maintain flame lengths at approximately 60 cm during the burns. Temperatures were higher for spring burns, but humidity, wind speed and flame length were similar during the application of all burns.

There are three 0.2 ha plots within each burn x interval treatment (six plots in the control). The grazing study was established only on the 5-yr interval treatments. For the grazing treatment, we established three fenced exclosures with a single 10-m radius plot within each exclosure.  Exclosures were located along a random bearing a minimum distance of 50 m from the preexisting plots using a compass and tape. This distance provided a minimum 36-m buffer between cover quadrats. However, the actual average distance between exclosures and grazed subplots was often greater. Seven plots were only 38–50 m apart. Three of these plots were in one small control treatment (Trout) that was established after the original control was accidentally burned in 1997. Sizes of the exclosures differed slightly because trees were opportunistically used for posts; but all measurements were done within the 10-m radius plots.

Cattle grazing use was operational in nature and we made no attempt to manage grazing for consistent use across our plots. Therefore some plots were more heavily grazed than others simply based on preference. The fenced exclosures we built only excluded cattle. Native ungulates (deer, elk, and antelope) and other herbivores could easily enter by jumping over or going under the barbed wire, and we documented that native ungulates were accessing the exclosures by observing fresh dung and utilization. In addition, we only closed the fences when cattle were present in the area. 

Tree measurements were made separately on both the larger 0.2 ha plots and the smaller 10-m radius plots due to differences in the goals of the original study design and the added understory vegetation component. For the smaller 10-m radius plots all tree species (including Juniperus occidentalis and Cercocarpus ledifolius) were measured, as well as all trees with a total height above diameter at breast height (dbh, 1.37 m) to capture the plant species composition of the entire community. Trees on the 10-m radius plots were measured in 2012 and 2015. For the Season and Interval of Burn study, 2012 measurements represent vegetation recovery following three burns five years apart (5-yr interval plots) or a single original burn (15-yr interval treatment); the 2015 measurements represent vegetation response to burning following four burns five years apart (5-yr interval treatment) or two burns fifteen years apart (15-yr interval treatment). For the grazing study the 2012 measurements represent vegetation recovery following three burns five-years apart and ten years of grazing exclosure in the ungrazed treatment; the 2015 measurements represent vegetation response to burning following four burns five years apart and 13 years of grazing exclusion.

For the 0.2 ha plots Juniperus occidentalis and Cercocarpus ledifolius were excluded and only trees &gt; 7.5 cm dbh were included because the original study focus was on the effect of burn season on the occurrence of Leptographium wagnerii, the fungus that causes black stain root disease.  Therefore non-host species and small pines unlikely to be infected were excluded. Every 10 years trees are reassessed to determine if they meet the size criteria for inclusion in study measurements. Tree dbh, total height, height to lowest live crown, and status (live/dead) were collected in 1998 near the end of the growing season and again near the end of the 2013 growing season on each tree centered within the 0.2 ha plot. All heights were measured with a laser hypsometer and recorded to the nearest 0.1 m. Dbh was measured at 1.37 m height with a diameter tape to the nearest 0.1 cm. Tree data measured in 1998 represent conditions following the first prescribed burning except in unburned control plots. Tree data measured in  2013 represents 15 years of growth following the original burn treatment for the 15-yr interval plots and three 5-yr interval burns for the 5-yr interval plots.

See additional files in the \Supplements folder that provide a vidual of the study area, plot layouts, and study design. Also included are a few photographs of the study areas. See the Entity and Attributes section below for a description of these files.</methdesc>
        <methcite>
          <citeinfo>
            <origin>Thies, Walter G.</origin>
            <origin>Westlind, Douglas J.</origin>
            <origin>Loewen, Mark</origin>
            <pubdate>2005</pubdate>
            <title>Season of prescribed burn in ponderosa pine forests in eastern Oregon: impact of pine mortality</title>
            <geoform>journal article</geoform>
            <serinfo>
              <sername>International Journal of Wildland Fire</sername>
              <issue>14: 223-231</issue>
            </serinfo>
            <onlink>https://www.fs.usda.gov/treesearch/pubs/25536</onlink>
          </citeinfo>
        </methcite>
      </method>
      <procstep>
        <procdesc>Height and diameter growth for the 15 year period between 1998 and 2013 can be calculated by subtracting the 1998 value from the 2013 value.</procdesc>
        <procdate>2017</procdate>
      </procstep>
    </lineage>
  </dataqual>
  <eainfo>
    <overview>
      <eaover>DATA
	  
This data publication contains 2 data files: 1) Tree diameters, heights and live dead status from the 0.1 ha plots; and 2) Tree diameters and live/dead status from the 10-m radius plots. Below you will find a description of the data available in each file.


\Data\SIB_Trees.csv: Comma delimited ASCII text file containing diameter at breast height, height and condition data for all trees centered in the 0.2 ha plot and associated treatment information. This file contains the following variables:

Plot = Unique plot number [1-108, 200, 201]

Stand = Stand or experimental block [D14 = Driveway14, D17 = Driveway17, D26 = Driveway26, D28 = Driveway28, Trout, KF = Kidd Flat]

SOB = Season of Burn [C = control, F = fall, S = spring]

IB = Interval of Burn [5 = 5 year, 15 = 15 year]

Tree = unique tree number, four digit tree numbers are from the original 1997/1998; five digit tree numbers are ingrowth, that reached 7.5 centimeters (cm) diameter at breast height (dbh) after 1998 [40-5705, 14001-14316]

Code  = Four letter tree species acronym [PIPO]

Latin_Name = Latin name [Authority is Hitchcock &amp; Cronquist (1973)]

Dbhcm98 = diameter at breast height (cm) in 1998 [null = not applicable]

Htm98 = total tree height (m) in 1998, measured with a laser hypsometer [null = not applicable]

Hlcm98 = height to live crown (m) in 1998, measured with a laser hypsometer [null = not applicable]

status13 = live or dead based on presence or absence of green needles in 2013 [L = live, D = dead]

Dbhcm13 = diameter at breast height (cm) in 2013 [null = not applicable]

Htm13 = total tree height (m) in 2013, measured with a laser hypsometer [null value = not applicable]

Hlcm13 = height to live crown (m) in 2013, measured with a laser hypsometer [null = not applicable] 

TSF = Time Since Fire (years) for 2013 measurements [1, 5, or 15 years; 99 indicates unknown time since fire used for control unburned plots]

NTB = number of times burned by prescribed fire for 2013 measurements [0-3]



\Data\SIB_Trees_10m.csv: Comma delimited ASCII text file containing diameter at breast height and condition data for all trees rooted in the 10-m radius plot and associated treatment information. This file contains the following variables:

Year = Sampling year [2012 or 2015]

Plot = Unique plot number [1-200, 9801-9836]

Stand = Stand or experimental block [D14 = Driveway14, D26 = Driveway26, D28 = Driveway28, Trout, KF = Kidd Flat]

SOB = Season of Burn [C = control, F = fall, S = spring]

Grz = Grazed [0 = no grazing (exclosure), 1 = grazed]

IB = Interval of Burn [5 = 5 year, 15 = 15 year]

tree = tree tag number [88-7305, 14004-14298, null = trees &lt; 7.6 cm dbh or CELE or JUOC]

Code  = Four letter tree species acronym [ABGR, CELE, JUOC, PIPO, PSME]

Latin_Name = Latin name [Authority is Hitchcock &amp; Cronquist (1973)]

dbh_cm = diameter at breast height (cm) [-999 = missing, null = not applicable]

status = live or dead [L = live, D = dead, -999 = missing]

Flag = data modification flag [1 = missing data in 2012 replaced with diameters recorded in 2013, 0 = no modifications]

TSF = Time Since Fire (years) [2, 3, 5, or 15 years; 99 indicates unknown time since fire used for control unburned plots]

NTB = Number of times burned by prescribed fire [0-4]

SIB = Plots included in the Season and Interval of Burn analyses (all grazed plots, where GRZ = 1) [0 = not included, 1 = included]

SOBGRZ = Plots included in the Season of Burn and Grazing analyses (all 5-yr interval plots except where Stand = D28) [0 = not included, 1 = included]

Note: Cercocarpus ledifolius is treated as a tree when its height exceeds diameter at breast height (i.e., 1.37 m)</eaover>
      <eadetcit>Hitchcock, C. L. and A. Cronquist. 1973. Flora of the Pacific Northwest. University of Washington Press, Seattle, WA
	  
Thies, Walter G.; Westlind, Douglas J.; Loewen, Mark. 2005. Season of prescribed burn in ponderosa pine forests in eastern Oregon: impact of pine mortality. International Journal of Wildland Fire 14:223-231. 

Kerns, Becky K.; Buonopane, Michelle; Thies, Walter G.; Niwa, Christine G. 2011. Reintroducing fire into a ponderosa pine forest with and without cattle grazing: understory vegetation response. Ecosphere 2(5). https://doi.org/10.1890/ES10-00183.1</eadetcit>
    </overview>
    <overview>
      <eaover>SUPPLEMENTS
	  
This data publication also contains 8 supplemental files. Below you will a list and description of each file.

\Supplements\SIB_BurnSchedule.png: Portable network graphics (PNG) file displaying the season and interval of prescribed burn study timeline of burning. 

\Supplements\SIB_D14_F15_2010.jpg: Portable network graphics (PNG) file containing a photo of 15-yr interval fall reburn unit at the Driveway 14 stand for the season an interval of burn study taken in 2010. 

\Supplements\SIB_D26_F5_2010.jpg: Portable network graphics (PNG) file containing a photo of 5-yr interval fall reburn unit and cattle exclosure at the Driveway 26 stand for the season and interval of burn study taken in 2010. 

\Supplements\SIB_KF_CandS_2010.jpg: Portable network graphics (PNG) file containing a photo of 5-yr interval spring reburn unit (right side) and unburned unit (left side) at the Kidd Flat stand for the season and interval of burn study taken in 2010. 

\Supplements\SIB_Locality_StandMap.png: Portable network graphics (PNG) file displaying the season and interval of prescribed burn study location, stand orientation and treatment layout map. 

\Supplements\SIB_Plot_Layout.png: Portable network graphics (PNG) file displaying the season and interval of prescribed burn study plot layout schematic. 

\Supplements\SIB_PrescribedFire_Fall.jpg: Portable network graphics (PNG) file containing a photo of 5-yr interval prescribed fire applied in fall 2007 at the Driveway stands for the season and interval of burn study. 

\Supplements\SIB_StudyDesign.png: Portable network graphics (PNG) file displaying the season and interval of prescribed burn experimental study design schematic.</eaover>
      <eadetcit>not applicable</eadetcit>
    </overview>
  </eainfo>
  <distinfo>
    <distrib>
      <cntinfo>
        <cntorgp>
          <cntorg>USDA Forest Service, Research and Development</cntorg>
        </cntorgp>
        <cntpos>Research Data Archivist</cntpos>
        <cntaddr>
          <addrtype>mailing and physical</addrtype>
          <address>240 West Prospect Road</address>
          <city>Fort Collins</city>
          <state>CO</state>
          <postal>80526</postal>
          <country>USA</country>
        </cntaddr>
        <cntvoice>see Contact Instructions</cntvoice>
        <cntinst>This contact information was current as of August 2017. For current information see Contact Us page on: https://doi.org/10.2737/RDS.</cntinst>
      </cntinfo>
    </distrib>
    <resdesc>RDS-2017-0041</resdesc>
    <distliab>This metadata document has been reviewed for accuracy and completeness. The data are considered to satisfy the USDA Forest Service's quality standards relative to the purpose for which the data were collected. However, the Forest Service cannot assure the reliability or suitability of these data for a particular purpose. The act of distribution shall not constitute any such warranty, and no responsibility is assumed by the Forest Service for a user's application of these data or related materials.

The metadata, data, or related materials may be updated without notification. If a user believes errors are present in the metadata, data or related materials, please use the information in (1) Identification Information: Point of Contact, (2) Metadata Reference: Metadata Contact, or (3) Distribution Information: Distributor to notify the Forest Service of the issues. Additional information is available at https://www.fs.fed.us/qoi.</distliab>
    <stdorder>
      <digform>
        <digtinfo>
          <formname>CSV</formname>
          <formvern>see Format Specification</formvern>
          <formspec>Comma-delimited ASCII text file (CSV)</formspec>
          <filedec>Files zipped with 7-Zip 19.0</filedec>
        </digtinfo>
        <digtopt>
          <onlinopt>
            <computer>
              <networka>
                <networkr>https://doi.org/10.2737/RDS-2017-0041</networkr>
              </networka>
            </computer>
          </onlinopt>
        </digtopt>
      </digform>
      <digform>
        <digtinfo>
          <formname>JPG</formname>
          <formvern>see Format Specification</formvern>
          <formspec>Joint Photographic Expergs Group (JPG) graphics file</formspec>
          <filedec>Files zipped with 7-Zip 19.0</filedec>
        </digtinfo>
        <digtopt>
          <onlinopt>
            <computer>
              <networka>
                <networkr>https://doi.org/10.2737/RDS-2017-0041</networkr>
              </networka>
            </computer>
          </onlinopt>
        </digtopt>
      </digform>
      <digform>
        <digtinfo>
          <formname>PNG</formname>
          <formvern>see Format Specification</formvern>
          <formspec>Portable network graphics (PNG) file</formspec>
          <filedec>Files zipped with 7-Zip 19.0</filedec>
        </digtinfo>
        <digtopt>
          <onlinopt>
            <computer>
              <networka>
                <networkr>https://doi.org/10.2737/RDS-2017-0041</networkr>
              </networka>
            </computer>
          </onlinopt>
        </digtopt>
      </digform>
      <fees>None</fees>
    </stdorder>
  </distinfo>
  <metainfo>
    <metd>20210504</metd>
    <metc>
      <cntinfo>
        <cntperp>
          <cntper>Michelle Day</cntper>
          <cntorg>Oregon State University, College of Forestry, Forest Ecosystems &amp; Society</cntorg>
        </cntperp>
        <cntaddr>
          <addrtype>mailing and physical</addrtype>
          <address>Corvallis Forestry Sciences Laboratory</address>
          <address>3200 SW Jefferson Way</address>
          <city>Corvallis</city>
          <state>OR</state>
          <postal>97331</postal>
          <country>USA</country>
        </cntaddr>
        <cntvoice>541-758-7768</cntvoice>
        <cntemail>michelle.day@oregonstate.edu</cntemail>
      </cntinfo>
    </metc>
    <metstdn>FGDC Biological Data Profile of the Content Standard for Digital Geospatial Metadata</metstdn>
    <metstdv>FGDC-STD-001.1-1999</metstdv>
  </metainfo>
</metadata>